,County,Year,Population,Index Count,Index Rate,Violent Count,Violent Rate,Property Count,Property Rate
0,Allegany County,1990,74946.0,2388.0,31.384422110552762,238.0,314.89915966386553,2150.0,34.85860465116279
1,Allegany County,1991,76175.0,2469.0,30.85257189145403,318.0,239.5440251572327,2151.0,35.413761041376105
2,Allegany County,1992,76925.0,2691.0,28.586027499070976,362.0,212.5,2329.0,33.02919708029197
3,Allegany County,1993,75274.0,2457.0,30.636548636548635,380.0,198.08947368421053,2077.0,36.24169475204622
4,Allegany County,1994,75891.0,2434.0,31.179539852095317,335.0,226.5402985074627,2099.0,36.15578847070034
5,Allegany County,1995,74394.0,2352.0,31.630102040816325,407.0,182.7862407862408,1945.0,38.24884318766067
6,Allegany County,1996,74833.0,2541.0,29.450216450216452,329.0,227.45592705167172,2212.0,33.83047016274865
7,Allegany County,1997,75155.0,2613.0,28.761959433601223,364.0,206.46978021978023,2249.0,33.41707425522454
8,Allegany County,1998,72871.0,2576.0,28.288431677018632,285.0,255.6877192982456,2291.0,31.807507638585772
9,Allegany County,1999,71845.0,2379.0,30.199663724253888,283.0,253.86925795053003,2096.0,34.27719465648855
10,Allegany County,2000,74930.0,2378.0,31.509671993271656,271.0,276.49446494464945,2107.0,35.562411010915994
11,Allegany County,2001,76043.0,2670.0,28.48052434456929,320.0,237.634375,2350.0,32.35872340425532
12,Allegany County,2002,77216.0,2368.0,32.608108108108105,235.0,328.5787234042553,2133.0,36.200656352555086
13,Allegany County,2003,74893.0,2541.0,29.47382920110193,262.0,285.85114503816794,2279.0,32.86222027204914
14,Allegany County,2004,74325.0,2349.0,31.641123882503194,325.0,228.69230769230768,2024.0,36.72183794466403
15,Allegany County,2005,74434.0,2308.0,32.25043327556326,260.0,286.2846153846154,2048.0,36.3447265625
16,Allegany County,2006,73841.0,2493.0,29.619334135579624,282.0,261.84751773049646,2211.0,33.39710538218001
17,Allegany County,2007,71977.0,2521.0,28.55097183657279,262.0,274.72137404580155,2259.0,31.86232846392209
18,Allegany County,2008,71806.0,2463.0,29.153877385302476,240.0,299.19166666666666,2223.0,32.301394511920826
19,Allegany County,2009,72312.0,2600.0,27.81230769230769,323.0,223.87616099071207,2277.0,31.757575757575758
20,Allegany County,2010,72721.0,2878.0,25.267894371091035,312.0,233.0801282051282,2566.0,28.340218238503507
21,Allegany County,2011,75799.0,2768.0,27.384031791907514,251.0,301.9880478087649,2517.0,30.11481922924116
22,Allegany County,2012,75413.0,2810.0,26.837366548042706,268.0,281.39179104477614,2542.0,29.66679779701023
23,Allegany County,2013,73834.0,2637.0,27.999241562381496,249.0,296.52208835341366,2388.0,30.918760469011726
24,Allegany County,2014,73299.0,2580.0,28.41046511627907,201.0,364.67164179104475,2379.0,30.810844892812106
25,Allegany County,2017,71616.0,2483.0,28.842529198550142,244.0,293.5081967213115,2239.0,31.98570790531487
26,Allegany County,2018,70577.0,1896.0,37.22415611814346,253.0,278.9604743083004,1643.0,42.956177723676205
27,Allegany County,2019,70140.0,1749.0,40.102915951972555,228.0,307.63157894736844,1521.0,46.11439842209073
28,Allegany County,2020,69699.0,1529.0,45.58469587965991,231.0,301.72727272727275,1298.0,53.697226502311246
29,Allegany County,2015,72230.0,2490.0,29.008032128514056,218.0,331.3302752293578,2272.0,31.79137323943662
30,Allegany County,2016,71622.0,2319.0,30.884864165588617,245.0,292.33469387755105,2074.0,34.533269045323046
31,Anne Arundel County,1990,427239.0,20600.0,20.7397572815534,1626.0,262.7546125461255,18974.0,22.517075998735113
32,Anne Arundel County,1991,434253.0,21893.0,19.835244141963184,1848.0,234.9853896103896,20045.0,21.663906211025193
33,Anne Arundel County,1992,438543.0,21925.0,20.001961231470922,1980.0,221.48636363636365,19945.0,21.987615943845576
34,Anne Arundel County,1993,445772.0,21360.0,20.869475655430712,2204.0,202.25589836660617,19156.0,23.270620171225726
35,Anne Arundel County,1994,449440.0,20853.0,21.55277418117297,2122.0,211.80018850141377,18731.0,23.99444770700977
36,Anne Arundel County,1995,459455.0,21368.0,21.50201235492325,1972.0,232.98935091277892,19396.0,23.688131573520312
37,Anne Arundel County,1996,462188.0,22373.0,20.658293478746703,2140.0,215.97570093457944,20233.0,22.84327583650472
38,Anne Arundel County,1997,464193.0,21730.0,21.361849976990335,2098.0,221.25500476644424,19632.0,23.644712713936432
39,Anne Arundel County,1998,473811.0,21054.0,22.504559703619265,2568.0,184.50584112149534,18486.0,25.630801687763714
40,Anne Arundel County,1999,479474.0,21154.0,22.665878793608773,2822.0,169.9057406094968,18332.0,26.15502945668776
41,Anne Arundel County,2000,489656.0,21331.0,22.955135717969153,3384.0,144.69739952718678,17947.0,27.283445701231404
42,Anne Arundel County,2001,496929.0,22009.0,22.578445181516653,3798.0,130.83965244865718,18211.0,27.28729888528911
43,Anne Arundel County,2002,504601.0,21783.0,23.164899233347107,3607.0,139.89492653174383,18176.0,27.761938820422536
44,Anne Arundel County,2003,508071.0,21285.0,23.869908386187458,3503.0,145.03882386525834,17782.0,28.572207850635476
45,Anne Arundel County,2004,511140.0,20304.0,25.17434988179669,3296.0,155.07888349514562,17008.0,30.05291627469426
46,Anne Arundel County,2005,512445.0,20101.0,25.493507785682304,3167.0,161.80770445216294,16934.0,30.26130860989725
47,Anne Arundel County,2006,512277.0,20458.0,25.04042428389872,3167.0,161.75465740448374,17291.0,29.626800069400264
48,Anne Arundel County,2007,508164.0,21442.0,23.699468333177876,3068.0,165.63363754889178,18374.0,27.656688799390444
49,Anne Arundel County,2008,511145.0,22233.0,22.99037466828588,2931.0,174.3926987376322,19302.0,26.481452699202155
50,Anne Arundel County,2009,517763.0,19884.0,26.039177227921947,2920.0,177.31609589041096,16964.0,30.521280358406035
51,Anne Arundel County,2010,527278.0,18757.0,28.1109985605374,2929.0,180.01980198019803,15828.0,33.312989638615115
52,Anne Arundel County,2011,542753.0,17160.0,31.628962703962703,2675.0,202.89831775700935,14485.0,37.470003451846736
53,Anne Arundel County,2012,549659.0,17053.0,32.23239312730898,2281.0,240.97281893906182,14772.0,37.209518007040344
54,Anne Arundel County,2013,555330.0,16790.0,33.0750446694461,2319.0,239.46959896507116,14471.0,38.37537143252021
55,Anne Arundel County,2014,561031.0,15737.0,35.650441634364874,2263.0,247.9147149801149,13474.0,41.638043639602195
56,Anne Arundel County,2015,563766.0,15109.0,37.31325699913958,2195.0,256.84100227790435,12914.0,43.65541273037014
57,Anne Arundel County,2016,566105.0,14938.0,37.89697415986076,2312.0,244.85510380622839,12626.0,44.83644859813084
58,Anne Arundel County,2017,572990.0,14039.0,40.814160552745925,2255.0,254.09756097560975,11784.0,48.62440597420231
59,Anne Arundel County,2018,573631.0,12540.0,45.74409888357257,2048.0,280.09326171875,10492.0,54.67317956538315
60,Anne Arundel County,2019,577904.0,12381.0,46.67668201276149,1837.0,314.591181273816,10544.0,54.80880121396055
61,Anne Arundel County,2020,581937.0,10433.0,55.77849132560146,1817.0,320.2735277930655,8616.0,67.54143454038997
62,Baltimore City,1990,736014.0,79145.0,9.299564091224967,18006.0,40.876041319560144,61139.0,12.03837157951553
63,Baltimore City,1991,748099.0,86512.0,8.647343721102274,19094.0,39.17979469990573,67418.0,11.096428253582129
64,Baltimore City,1992,755517.0,91531.0,8.254219881788684,21860.0,34.56161939615737,69671.0,10.84406711544258
65,Baltimore City,1993,732968.0,93568.0,7.8335328317373465,22006.0,33.307643369990004,71562.0,10.242419161007238
66,Baltimore City,1994,739180.0,94276.0,7.8405956977385545,21011.0,35.18061967540812,73265.0,10.089128506107965
67,Baltimore City,1995,712209.0,96243.0,7.400112215953368,21578.0,33.00625637223098,74665.0,9.538726310855154
68,Baltimore City,1996,716446.0,88871.0,8.061639905030887,19621.0,36.51424494164416,69250.0,10.345790613718412
69,Baltimore City,1997,719587.0,78808.0,9.1308877271343,17530.0,41.048887621220764,61278.0,11.742990959234962
70,Baltimore City,1998,662253.0,73615.0,8.996169258982544,16108.0,41.11329774025329,57507.0,11.516041525379519
71,Baltimore City,1999,650588.0,75842.0,8.57820205163366,18677.0,34.83364566043797,57165.0,11.380879909035249
72,Baltimore City,2000,651154.0,66791.0,9.749127876510308,16035.0,40.60829435609604,50756.0,12.829103948301679
73,Baltimore City,2001,660826.0,64453.0,10.25283539943835,14837.0,44.5390577610029,49616.0,13.318808448887456
74,Baltimore City,2002,671028.0,56550.0,11.866100795755969,13863.0,48.404241506167494,42687.0,15.719727317450278
75,Baltimore City,2003,644554.0,49263.0,13.083937234841565,11227.0,57.411062616905674,38036.0,16.945893364181302
76,Baltimore City,2004,634279.0,48314.0,13.128265099143105,11742.0,54.01796968148527,36572.0,17.343295417259107
77,Baltimore City,2005,641097.0,45061.0,14.227314085350969,11309.0,56.68909717923778,33752.0,18.994341076084382
78,Baltimore City,2006,637556.0,43657.0,14.603751975628192,10871.0,58.64741054180848,32786.0,19.44598304154212
79,Baltimore City,2007,624237.0,40558.0,15.39121751565659,10229.0,61.026200019552256,30329.0,20.582182069966038
80,Baltimore City,2008,634549.0,41165.0,15.414769828738006,10132.0,62.62820765890249,31033.0,20.447555827667323
81,Baltimore City,2009,638755.0,39290.0,16.257444642402646,9701.0,65.84424286156066,29589.0,21.58758322349522
82,Baltimore City,2010,639927.0,38045.0,16.820265475095283,9352.0,68.42675363558597,28693.0,22.302547659707944
83,Baltimore City,2011,626848.0,39181.0,15.998774916413568,8928.0,70.21146953405018,30253.0,20.720193038706906
84,Baltimore City,2012,625474.0,38457.0,16.26424318069532,8825.0,70.87524079320113,29632.0,21.108058855291578
85,Baltimore City,2013,622671.0,39988.0,15.571446433930179,8757.0,71.10551558752998,31231.0,19.937594057186768
86,Baltimore City,2014,623513.0,38321.0,16.27079147203883,8432.0,73.94603889943075,29889.0,20.86095218976881
87,Baltimore City,2015,621252.0,41124.0,15.106798949518529,9680.0,64.17892561983471,31444.0,19.757409998727898
88,Baltimore City,2016,618385.0,41128.0,15.03562050184789,11115.0,55.63517768780927,30013.0,20.603904974511046
89,Baltimore City,2017,613217.0,43132.0,14.217216915515163,12527.0,48.951624491099224,30605.0,20.036497304362033
90,Baltimore City,2018,605436.0,38786.0,15.609652967565616,11221.0,53.95561892879422,27565.0,21.96393977870488
91,Baltimore City,2019,597239.0,37219.0,16.04661597571133,11186.0,53.39165027713213,26033.0,22.94161256866285
92,Baltimore City,2020,588594.0,28147.0,20.91142928198387,9480.0,62.0879746835443,18667.0,31.531258370386244
93,Baltimore County,1990,692134.0,42991.0,16.099509199599915,7005.0,98.805710206995,35986.0,19.233424109375868
94,Baltimore County,1991,703563.0,46788.0,15.037253141831238,7674.0,91.68139171227521,39114.0,17.987498082527996
95,Baltimore County,1992,710514.0,47270.0,15.030971017558706,7743.0,91.76210771018985,39527.0,17.975409213955018
96,Baltimore County,1993,712020.0,44683.0,15.934919320546964,7494.0,95.01200960768615,37189.0,19.145984027535025
97,Baltimore County,1994,717879.0,45580.0,15.749868363317244,7260.0,98.88140495867769,38320.0,18.733794363256784
98,Baltimore County,1995,716904.0,46738.0,15.338782147289145,7697.0,93.14070417045602,39041.0,18.362849312261467
99,Baltimore County,1996,721218.0,45446.0,15.869779518549487,7427.0,97.10758044971051,38019.0,18.969936084589285
100,Baltimore County,1997,724348.0,44678.0,16.212632615604996,7333.0,98.77921723714714,37345.0,19.396117284777077
101,Baltimore County,1998,726462.0,40085.0,18.12303854309592,6129.0,118.52863436123349,33956.0,21.394216044292612
102,Baltimore County,1999,727051.0,36221.0,20.07263742028105,6099.0,119.20823085751762,30122.0,24.13687670141425
103,Baltimore County,2000,754292.0,36474.0,20.68026539452761,6200.0,121.66,30274.0,24.91550505384158
104,Baltimore County,2001,765496.0,37644.0,20.33513973010307,6572.0,116.47839318320146,31072.0,24.636199794026776
105,Baltimore County,2002,777313.0,36970.0,21.025507167974034,6559.0,118.51090105198963,30411.0,25.56025780145342
106,Baltimore County,2003,777463.0,34375.0,22.617105454545456,6208.0,125.23566365979381,28167.0,27.601910036567613
107,Baltimore County,2004,784118.0,33077.0,23.705837893400247,6180.0,126.87993527508091,26897.0,29.152619251217608
108,Baltimore County,2005,786768.0,30945.0,25.424721279689773,5650.0,139.25097345132744,25295.0,31.103696382684326
109,Baltimore County,2006,788266.0,32345.0,24.370567321069718,5713.0,137.97759495886575,26632.0,29.59845298888555
110,Baltimore County,2007,785567.0,32309.0,24.314184902039678,5381.0,145.9890354952611,26928.0,29.172868389780156
111,Baltimore County,2008,787558.0,31980.0,24.626579111944967,4931.0,159.71567633340092,27049.0,29.11597471255869
112,Baltimore County,2009,792855.0,30850.0,25.70032414910859,4555.0,174.06256860592754,26295.0,30.152310325156876
113,Baltimore County,2010,797794.0,28477.0,28.01538083365523,4349.0,183.44309036560128,24128.0,33.065069628647215
114,Baltimore County,2011,812661.0,28394.0,28.620870606466156,4288.0,189.51982276119404,24106.0,33.7119804198125
115,Baltimore County,2012,817761.0,27810.0,29.405285868392664,4181.0,195.58981104998804,23629.0,34.60836260527318
116,Baltimore County,2013,822814.0,27913.0,29.477806040196324,4200.0,195.90809523809523,23713.0,34.69885716695484
117,Baltimore County,2014,828871.0,26618.0,31.139492073033285,4042.0,205.06457199406233,22576.0,36.71469702338767
118,Baltimore County,2015,829630.0,26902.0,30.838971080217085,4517.0,183.66836395837944,22385.0,37.06187178914452
119,Baltimore County,2016,831374.0,27944.0,29.751431434297167,4416.0,188.26403985507247,23528.0,35.33551513090786
120,Baltimore County,2017,834727.0,28398.0,29.393865765194732,5063.0,164.86806241358877,23335.0,35.77145918148704
121,Baltimore County,2018,829560.0,26193.0,31.67105715267438,4852.0,170.97279472382522,21341.0,38.87165549880512
122,Baltimore County,2019,827068.0,25172.0,32.856666136977594,4737.0,174.59742453029344,20435.0,40.4731098605334
123,Baltimore County,2020,826987.0,20045.0,41.2565228236468,3825.0,216.20575163398692,16220.0,50.985635018495685
124,Calvert County,1990,51372.0,1136.0,45.221830985915496,153.0,335.7647058823529,983.0,52.260427263479144
125,Calvert County,1991,52215.0,1310.0,39.8587786259542,154.0,339.0584415584416,1156.0,45.168685121107266
126,Calvert County,1992,52730.0,1264.0,41.71677215189873,170.0,310.1764705882353,1094.0,48.19926873857404
127,Calvert County,1993,57726.0,1325.0,43.566792452830185,213.0,271.01408450704224,1112.0,51.91187050359712
128,Calvert County,1994,58201.0,1397.0,41.661417322834644,208.0,279.8125,1189.0,48.949537426408746
129,Calvert County,1995,62626.0,1559.0,40.17062219371392,237.0,264.2447257383966,1322.0,47.37216338880484
130,Calvert County,1996,62998.0,1597.0,39.447714464621164,214.0,294.38317757009344,1383.0,45.551699204627624
131,Calvert County,1997,63271.0,1605.0,39.421183800623055,219.0,288.9086757990868,1386.0,45.65007215007215
132,Calvert County,1998,69972.0,1630.0,42.92760736196319,248.0,282.14516129032256,1382.0,50.63096960926194
133,Calvert County,1999,72392.0,1676.0,43.19331742243437,279.0,259.4695340501792,1397.0,51.819613457408735
134,Calvert County,2000,74563.0,1652.0,45.13498789346247,314.0,237.46178343949043,1338.0,55.72720478325859
135,Calvert County,2001,75671.0,1717.0,44.07163657542225,333.0,227.24024024024024,1384.0,54.67557803468208
136,Calvert County,2002,76838.0,1598.0,48.08385481852316,371.0,207.11051212938006,1227.0,62.62265688671557
137,Calvert County,2003,81659.0,1721.0,47.4485764090645,320.0,255.184375,1401.0,58.28622412562456
138,Calvert County,2004,84860.0,1545.0,54.92556634304207,228.0,372.1929824561403,1317.0,64.43432042520881
139,Calvert County,2005,87133.0,1848.0,47.14989177489178,231.0,377.1991341991342,1617.0,53.885590599876316
140,Calvert County,2006,88166.0,1835.0,48.046866485013624,257.0,343.05836575875486,1578.0,55.871989860583014
141,Calvert County,2007,90358.0,1896.0,47.65717299578059,279.0,323.8637992831541,1617.0,55.880024737167595
142,Calvert County,2008,89373.0,2241.0,39.88085676037483,367.0,243.52316076294278,1874.0,47.69103521878335
143,Calvert County,2009,90796.0,2109.0,43.05168326220958,271.0,335.0405904059041,1838.0,49.3993471164309
144,Calvert County,2010,91279.0,2226.0,41.005840071877806,194.0,470.5103092783505,2032.0,44.92076771653543
145,Calvert County,2011,89578.0,2123.0,42.19406500235516,142.0,630.830985915493,1981.0,45.218576476527005
146,Calvert County,2012,90118.0,1815.0,49.65179063360882,115.0,783.6347826086957,1700.0,53.010588235294115
147,Calvert County,2013,90031.0,1742.0,51.682548794489094,107.0,841.411214953271,1635.0,55.06483180428135
148,Calvert County,2014,91047.0,1665.0,54.682882882882886,131.0,695.0152671755725,1534.0,59.35267275097784
149,Calvert County,2015,90757.0,1490.0,60.91073825503356,123.0,737.8617886178862,1367.0,66.39136795903438
150,Calvert County,2016,90403.0,1324.0,68.28021148036254,140.0,645.7357142857143,1184.0,76.35388513513513
151,Calvert County,2017,91587.0,1058.0,86.56616257088847,107.0,855.9532710280374,951.0,96.30599369085174
152,Calvert County,2018,91132.0,1033.0,88.22071636011617,111.0,821.009009009009,922.0,98.84164859002169
153,Calvert County,2019,91927.0,973.0,94.47790339157245,133.0,691.1804511278195,840.0,109.43690476190476
154,Calvert County,2020,92622.0,866.0,106.95381062355658,140.0,661.5857142857143,726.0,127.57851239669421
155,Caroline County,1990,27035.0,574.0,47.099303135888505,59.0,458.22033898305085,515.0,52.49514563106796
156,Caroline County,1991,27475.0,708.0,38.806497175141246,76.0,361.5131578947368,632.0,43.473101265822784
157,Caroline County,1992,27743.0,680.0,40.798529411764704,58.0,478.32758620689657,622.0,44.60289389067524
158,Caroline County,1993,28177.0,632.0,44.58386075949367,65.0,433.4923076923077,567.0,49.694885361552025
159,Caroline County,1994,28406.0,740.0,38.38648648648649,83.0,342.2409638554217,657.0,43.23592085235921
160,Caroline County,1995,28923.0,804.0,35.973880597014926,151.0,191.5430463576159,653.0,44.29249617151608
161,Caroline County,1996,29092.0,1022.0,28.465753424657535,161.0,180.69565217391303,861.0,33.78861788617886
162,Caroline County,1997,29215.0,1025.0,28.502439024390245,169.0,172.8698224852071,856.0,34.129672897196265
163,Caroline County,1998,29765.0,1157.0,25.72601555747623,202.0,147.35148514851485,955.0,31.167539267015705
164,Caroline County,1999,29700.0,1148.0,25.871080139372822,255.0,116.47058823529412,893.0,33.25867861142217
165,Caroline County,2000,29772.0,978.0,30.441717791411044,217.0,137.19815668202764,761.0,39.122207621550594
166,Caroline County,2001,30214.0,1024.0,29.505859375,162.0,186.50617283950618,862.0,35.05104408352668
167,Caroline County,2002,30681.0,985.0,31.148223350253808,190.0,161.47894736842105,795.0,38.59245283018868
168,Caroline County,2003,30582.0,1036.0,29.51930501930502,145.0,210.91034482758621,891.0,34.323232323232325
169,Caroline County,2004,31136.0,985.0,31.61015228426396,146.0,213.26027397260273,839.0,37.1108462455304
170,Caroline County,2005,31295.0,961.0,32.56503642039542,155.0,201.90322580645162,806.0,38.82754342431762
171,Caroline County,2006,31909.0,1094.0,29.1672760511883,149.0,214.15436241610738,945.0,33.766137566137566
172,Caroline County,2007,32693.0,1070.0,30.554205607476636,123.0,265.7967479674797,947.0,34.522703273495246
173,Caroline County,2008,33080.0,1211.0,27.31626754748142,123.0,268.9430894308943,1088.0,30.404411764705884
174,Caroline County,2009,33693.0,1143.0,29.477690288713912,126.0,267.4047619047619,1017.0,33.12979351032448
175,Caroline County,2010,33937.0,1146.0,29.61343804537522,128.0,265.1328125,1018.0,33.33693516699411
176,Caroline County,2011,33379.0,1221.0,27.33742833742834,112.0,298.0267857142857,1109.0,30.098286744815148
177,Caroline County,2012,33303.0,1063.0,31.32925682031985,115.0,289.5913043478261,948.0,35.129746835443036
178,Caroline County,2013,32665.0,1013.0,32.24580454096743,94.0,347.5,919.0,35.54406964091404
179,Caroline County,2014,32662.0,888.0,36.781531531531535,105.0,311.06666666666666,783.0,41.71392081736909
180,Caroline County,2015,32308.0,727.0,44.44016506189821,79.0,408.9620253164557,648.0,49.858024691358025
181,Caroline County,2016,32294.0,729.0,44.29903978052126,62.0,520.8709677419355,667.0,48.416791604197904
182,Caroline County,2017,32795.0,667.0,49.16791604197901,56.0,585.625,611.0,53.67430441898527
183,Caroline County,2018,32947.0,524.0,62.87595419847328,53.0,621.6415094339623,471.0,69.95116772823779
184,Caroline County,2019,33170.0,543.0,61.086556169429095,45.0,737.1111111111111,498.0,66.60642570281125
185,Caroline County,2020,33336.0,459.0,72.62745098039215,63.0,529.1428571428571,396.0,84.18181818181819
186,Carroll County,1990,123372.0,2926.0,42.16404647983595,203.0,607.743842364532,2723.0,45.30738156445097
187,Carroll County,1991,125394.0,3426.0,36.600700525394046,153.0,819.5686274509804,3273.0,38.31164069660861
188,Carroll County,1992,126632.0,3548.0,35.69109357384442,216.0,586.2592592592592,3332.0,38.00480192076831
189,Carroll County,1993,131736.0,3414.0,38.58699472759227,195.0,675.5692307692308,3219.0,40.92451071761417
190,Carroll County,1994,132818.0,3345.0,39.70642750373692,257.0,516.8015564202335,3088.0,43.0110103626943
191,Carroll County,1995,137424.0,3526.0,38.974475326148614,264.0,520.5454545454545,3262.0,42.128755364806864
192,Carroll County,1996,138238.0,3437.0,40.220541169624674,362.0,381.8729281767956,3075.0,44.95544715447154
193,Carroll County,1997,138835.0,3607.0,38.49043526476296,298.0,465.88926174496646,3309.0,41.956784527047446
194,Carroll County,1998,148119.0,3760.0,39.39335106382979,294.0,503.8061224489796,3466.0,42.734852856318525
195,Carroll County,1999,150771.0,3373.0,44.69937740883486,281.0,536.5516014234876,3092.0,48.761642949547216
196,Carroll County,2000,150897.0,3505.0,43.05192582025678,433.0,348.4919168591224,3072.0,49.1201171875
197,Carroll County,2001,153138.0,3142.0,48.73901973265436,353.0,433.8186968838527,2789.0,54.90785227680172
198,Carroll County,2002,155503.0,3001.0,51.81706097967344,391.0,397.70588235294116,2610.0,59.57969348659004
199,Carroll County,2003,160504.0,2980.0,53.86040268456376,404.0,397.28712871287127,2576.0,62.307453416149066
200,Carroll County,2004,164663.0,2900.0,56.780344827586205,415.0,396.7783132530121,2485.0,66.26277665995975
201,Carroll County,2005,167424.0,3177.0,52.698772426817754,400.0,418.56,2777.0,60.28952106589845
202,Carroll County,2006,169003.0,3079.0,54.888924975641444,374.0,451.879679144385,2705.0,62.47800369685767
203,Carroll County,2007,171843.0,3110.0,55.25498392282958,359.0,478.67130919220057,2751.0,62.465648854961835
204,Carroll County,2008,170347.0,3253.0,52.366123578235474,360.0,473.18611111111113,2893.0,58.88247493950916
205,Carroll County,2009,172300.0,3117.0,55.27751042669233,393.0,438.42239185750634,2724.0,63.25256975036711
206,Carroll County,2010,173047.0,3061.0,56.5328324077099,349.0,495.83667621776505,2712.0,63.807890855457224
207,Carroll County,2011,168719.0,2723.0,61.96070510466397,256.0,659.05859375,2467.0,68.39035265504661
208,Carroll County,2012,168903.0,3027.0,55.798810703666994,306.0,551.9705882352941,2721.0,62.073869900771776
209,Carroll County,2013,167529.0,2684.0,62.41766020864382,342.0,489.85087719298247,2342.0,71.53245089666952
210,Carroll County,2014,167966.0,2593.0,64.77670651754724,367.0,457.6730245231608,2226.0,75.45642407906558
211,Carroll County,2015,167468.0,2275.0,73.6123076923077,231.0,724.969696969697,2044.0,81.93150684931507
212,Carroll County,2016,166742.0,2257.0,73.87771377935313,256.0,651.3359375,2001.0,83.32933533233383
213,Carroll County,2017,167630.0,2284.0,73.39316987740806,323.0,518.9783281733746,1961.0,85.48189699133096
214,Carroll County,2018,166519.0,1942.0,85.74613800205974,275.0,605.5236363636363,1667.0,99.89142171565688
215,Carroll County,2019,167742.0,1844.0,90.96637744034707,248.0,676.3790322580645,1596.0,105.1015037593985
216,Carroll County,2020,168032.0,1373.0,122.38310269482884,187.0,898.5668449197861,1186.0,141.6795952782462
217,Cecil County,1990,71347.0,2813.0,25.36331318876644,412.0,173.17233009708738,2401.0,29.715535193669304
218,Cecil County,1991,72516.0,2993.0,24.22853324423655,394.0,184.0507614213198,2599.0,27.901500577145057
219,Cecil County,1992,73230.0,2738.0,26.74579985390796,371.0,197.38544474393532,2367.0,30.93789607097592
220,Cecil County,1993,75723.0,2612.0,28.990428790199083,381.0,198.748031496063,2231.0,33.94128193635141
221,Cecil County,1994,76343.0,2257.0,33.82498892334958,356.0,214.44662921348313,1901.0,40.15938979484482
222,Cecil County,1995,77589.0,2682.0,28.92953020134228,331.0,234.40785498489427,2351.0,33.00255210548703
223,Cecil County,1996,78048.0,2544.0,30.67924528301887,373.0,209.24396782841822,2171.0,35.9502533394749
224,Cecil County,1997,78384.0,2704.0,28.988165680473372,400.0,195.96,2304.0,34.020833333333336
225,Cecil County,1998,81418.0,3009.0,27.058158856763043,463.0,175.8488120950324,2546.0,31.978790259230166
226,Cecil County,1999,83114.0,2966.0,28.022252191503707,454.0,183.0704845814978,2512.0,33.086783439490446
227,Cecil County,2000,85951.0,2987.0,28.775025108804822,456.0,188.4890350877193,2531.0,33.959304622678786
228,Cecil County,2001,87228.0,2977.0,29.30063822640242,449.0,194.271714922049,2528.0,34.504746835443036
229,Cecil County,2002,88574.0,3052.0,29.021625163827,416.0,212.91826923076923,2636.0,33.601669195751136
230,Cecil County,2003,91175.0,3163.0,28.82548213721151,455.0,200.3846153846154,2708.0,33.66875923190547
231,Cecil County,2004,93573.0,3388.0,27.618949232585596,431.0,217.10672853828305,2957.0,31.64457220155563
232,Cecil County,2005,96254.0,3408.0,28.243544600938968,474.0,203.06751054852322,2934.0,32.80640763462849
233,Cecil County,2006,98064.0,3532.0,27.76443941109853,490.0,200.13061224489795,3042.0,32.23668639053255
234,Cecil County,2007,100680.0,3966.0,25.385779122541603,568.0,177.25352112676057,3398.0,29.6291936433196
235,Cecil County,2008,100763.0,4351.0,23.158584233509536,540.0,186.59814814814814,3811.0,26.440041983731305
236,Cecil County,2009,102047.0,4410.0,23.139909297052153,746.0,136.7922252010724,3664.0,27.851255458515283
237,Cecil County,2010,102940.0,4098.0,25.119570522205954,673.0,152.95690936106985,3425.0,30.055474452554744
238,Cecil County,2011,102067.0,4020.0,25.389800995024874,579.0,176.28151986183073,3441.0,29.66201685556524
239,Cecil County,2012,102676.0,3922.0,26.179500254971952,549.0,187.02367941712205,3373.0,30.440557367328786
240,Cecil County,2013,102068.0,3311.0,30.826940501359108,436.0,234.10091743119267,2875.0,35.50191304347826
241,Cecil County,2014,102296.0,3388.0,30.19362455726092,496.0,206.24193548387098,2892.0,35.37206085753804
242,Cecil County,2015,102376.0,3027.0,33.82094482986455,366.0,279.7158469945355,2661.0,38.47275460353251
243,Cecil County,2016,102033.0,2979.0,34.25075528700906,373.0,273.5469168900804,2606.0,39.15310821181888
244,Cecil County,2017,102783.0,2493.0,41.22864019253911,322.0,319.20186335403724,2171.0,47.34362045140488
245,Cecil County,2018,102148.0,2520.0,40.53492063492064,356.0,286.9325842696629,2164.0,47.20332717190388
246,Cecil County,2019,102522.0,2390.0,42.89623430962343,306.0,335.03921568627453,2084.0,49.19481765834933
247,Cecil County,2020,102707.0,2027.0,50.6694622594968,272.0,377.5992647058824,1755.0,58.52250712250712
248,Charles County,1990,101154.0,4641.0,21.79573367808662,634.0,159.54889589905363,4007.0,25.24432243573746
249,Charles County,1991,102814.0,5279.0,19.476037128243984,719.0,142.99582753824757,4560.0,22.546929824561403
250,Charles County,1992,103829.0,5076.0,20.45488573680063,640.0,162.2328125,4436.0,23.405996393146978
251,Charles County,1993,107103.0,4680.0,22.88525641025641,563.0,190.23623445825933,4117.0,26.01481661403935
252,Charles County,1994,107983.0,4877.0,22.141275374205453,605.0,178.48429752066116,4272.0,25.27691947565543
253,Charles County,1995,110079.0,5400.0,20.385,720.0,152.8875,4680.0,23.521153846153847
254,Charles County,1996,110733.0,5044.0,21.953409992069787,646.0,171.41331269349845,4398.0,25.178035470668487
255,Charles County,1997,111212.0,4955.0,22.444399596367305,717.0,155.10739191073918,4238.0,26.24162340726758
256,Charles County,1998,116001.0,5253.0,22.08280982295831,629.0,184.4213036565978,4624.0,25.086721453287197
257,Charles County,1999,118809.0,4395.0,27.032764505119452,700.0,169.72714285714287,3695.0,32.15399188092016
258,Charles County,2000,120546.0,4494.0,26.823765020026702,693.0,173.94805194805195,3801.0,31.714285714285715
259,Charles County,2001,122336.0,4685.0,26.112273212379936,775.0,157.85290322580644,3910.0,31.287979539641945
260,Charles County,2002,124225.0,4943.0,25.131499089621688,875.0,141.97142857142856,4068.0,30.537118977384463
261,Charles County,2003,130240.0,5103.0,25.522241818538117,773.0,168.48641655886158,4330.0,30.07852193995381
262,Charles County,2004,134236.0,4941.0,27.167779801659584,736.0,182.3858695652174,4205.0,31.92294887039239
263,Charles County,2005,136841.0,5029.0,27.210379797176376,759.0,180.2911725955204,4270.0,32.04707259953162
264,Charles County,2006,139202.0,4995.0,27.868268268268267,729.0,190.94924554183814,4266.0,32.630567276136894
265,Charles County,2007,142320.0,5089.0,27.96620161131853,846.0,168.22695035460993,4243.0,33.54230497289654
266,Charles County,2008,142039.0,5105.0,27.82350636630754,794.0,178.8904282115869,4311.0,32.948039897935516
267,Charles County,2009,143833.0,4433.0,32.44597338145725,701.0,205.18259629101283,3732.0,38.54046087888532
268,Charles County,2010,145349.0,4425.0,32.84723163841808,713.0,203.8555399719495,3712.0,39.15651939655172
269,Charles County,2011,147940.0,4366.0,33.884562528630326,588.0,251.59863945578232,3778.0,39.158284806776074
270,Charles County,2012,150570.0,3918.0,38.430321592649314,575.0,261.8608695652174,3343.0,45.040382889620105
271,Charles County,2013,152067.0,4115.0,36.9543134872418,588.0,258.6173469387755,3527.0,43.11511199319535
272,Charles County,2014,154633.0,3597.0,42.989435640811784,546.0,283.2106227106227,3051.0,50.682726974762375
273,Charles County,2015,156234.0,3527.0,44.29656932237029,581.0,268.9053356282272,2946.0,53.032586558044805
274,Charles County,2016,157065.0,3145.0,49.94117647058823,564.0,278.4840425531915,2581.0,60.85432003099574
275,Charles County,2017,159441.0,3220.0,49.51583850931677,540.0,295.2611111111111,2680.0,59.4929104477612
276,Charles County,2018,160284.0,3158.0,50.75490816972768,651.0,246.21198156682027,2507.0,63.93458316713203
277,Charles County,2019,162578.0,3122.0,52.07495195387572,589.0,276.0237691001698,2533.0,64.18397157520727
278,Charles County,2020,164609.0,2669.0,61.67440989134507,540.0,304.8314814814815,2129.0,77.31751996242367
279,Dorchester County,1990,30236.0,1232.0,24.542207792207794,241.0,125.46058091286307,991.0,30.510595358224016
280,Dorchester County,1991,30732.0,1320.0,23.28181818181818,224.0,137.19642857142858,1096.0,28.04014598540146
281,Dorchester County,1992,31034.0,1419.0,21.870331219168428,217.0,143.01382488479263,1202.0,25.81863560732113
282,Dorchester County,1993,30487.0,1550.0,19.669032258064515,259.0,117.7104247104247,1291.0,23.615027110766846
283,Dorchester County,1994,30737.0,1408.0,21.830255681818183,198.0,155.23737373737373,1210.0,25.402479338842976
284,Dorchester County,1995,30640.0,1326.0,23.10708898944193,260.0,117.84615384615384,1066.0,28.74296435272045
285,Dorchester County,1996,30820.0,1453.0,21.211286992429457,201.0,153.33333333333334,1252.0,24.616613418530353
286,Dorchester County,1997,30952.0,1460.0,21.2,217.0,142.63594470046084,1243.0,24.90104585679807
287,Dorchester County,1998,30134.0,1041.0,28.94716618635927,189.0,159.43915343915344,852.0,35.36854460093897
288,Dorchester County,1999,29715.0,1168.0,25.440924657534246,199.0,149.321608040201,969.0,30.6656346749226
289,Dorchester County,2000,30674.0,1205.0,25.455601659751036,182.0,168.53846153846155,1023.0,29.98435972629521
290,Dorchester County,2001,31130.0,1223.0,25.453802125919868,205.0,151.85365853658536,1018.0,30.57956777996071
291,Dorchester County,2002,31610.0,1321.0,23.92884178652536,212.0,149.10377358490567,1109.0,28.503155996393147
292,Dorchester County,2003,30734.0,1179.0,26.067854113655642,150.0,204.89333333333335,1029.0,29.867832847424683
293,Dorchester County,2004,30885.0,1289.0,23.96043444530644,137.0,225.43795620437956,1152.0,26.809895833333332
294,Dorchester County,2005,31147.0,1320.0,23.596212121212123,174.0,179.00574712643677,1146.0,27.17888307155323
295,Dorchester County,2006,31487.0,1509.0,20.866136514247845,181.0,173.96132596685084,1328.0,23.710090361445783
296,Dorchester County,2007,31500.0,1352.0,23.298816568047336,160.0,196.875,1192.0,26.426174496644297
297,Dorchester County,2008,31780.0,1410.0,22.53900709219858,187.0,169.94652406417111,1223.0,25.98528209321341
298,Dorchester County,2009,32317.0,1143.0,28.273840769903764,183.0,176.59562841530055,960.0,33.66354166666667
299,Dorchester County,2010,32376.0,1188.0,27.252525252525253,188.0,172.2127659574468,1000.0,32.376
300,Dorchester County,2011,32927.0,1286.0,25.604199066874028,142.0,231.88028169014083,1144.0,28.782342657342657
301,Dorchester County,2012,32955.0,1309.0,25.17570664629488,165.0,199.72727272727272,1144.0,28.806818181818183
302,Dorchester County,2013,32578.0,1120.0,29.0875,150.0,217.18666666666667,970.0,33.585567010309276
303,Dorchester County,2014,32717.0,1231.0,26.57757920389927,142.0,230.40140845070422,1089.0,30.04315886134068
304,Dorchester County,2015,32453.0,1366.0,23.757686676427525,187.0,173.54545454545453,1179.0,27.525869380831214
305,Dorchester County,2016,32143.0,1104.0,29.11503623188406,154.0,208.7207792207792,950.0,33.834736842105265
306,Dorchester County,2017,32174.0,1407.0,22.867093105899077,186.0,172.9784946236559,1221.0,26.35053235053235
307,Dorchester County,2018,31832.0,992.0,32.08870967741935,158.0,201.46835443037975,834.0,38.16786570743405
308,Dorchester County,2019,31754.0,1013.0,31.34649555774926,136.0,233.48529411764707,877.0,36.20752565564424
309,Dorchester County,2020,31742.0,982.0,32.323828920570264,207.0,153.34299516908212,775.0,40.95741935483871
310,Frederick County,1990,150208.0,5198.0,28.897268180069258,896.0,167.64285714285714,4302.0,34.91585309158531
311,Frederick County,1991,152673.0,4939.0,30.911723020854424,794.0,192.28337531486147,4145.0,36.83305186972256
312,Frederick County,1992,154180.0,5233.0,29.46302312249188,846.0,182.24586288416074,4387.0,35.144745839981766
313,Frederick County,1993,161295.0,4992.0,32.31069711538461,913.0,176.66484118291348,4079.0,39.54278009316009
314,Frederick County,1994,162261.0,4918.0,32.99328995526637,717.0,226.30543933054392,4201.0,38.6243751487741
315,Frederick County,1995,172506.0,5041.0,34.2205911525491,740.0,233.11621621621623,4301.0,40.10834689607068
316,Frederick County,1996,173531.0,5184.0,33.47434413580247,956.0,181.51778242677824,4228.0,41.04328287606433
317,Frederick County,1997,174282.0,4836.0,36.03846153846154,713.0,244.43478260869566,4123.0,42.27067669172932
318,Frederick County,1998,184690.0,4728.0,39.063028764805416,673.0,274.42793462109955,4055.0,45.5462392108508
319,Frederick County,1999,188117.0,4761.0,39.51207729468599,715.0,263.1006993006993,4046.0,46.49456253089471
320,Frederick County,2000,195277.0,4948.0,39.46584478577203,908.0,215.06277533039648,4040.0,48.33589108910891
321,Frederick County,2001,198177.0,5615.0,35.29421193232413,971.0,204.09577754891865,4644.0,42.673772609819125
322,Frederick County,2002,201237.0,5303.0,37.94776541580237,894.0,225.09731543624162,4409.0,45.64232252211386
323,Frederick County,2003,211070.0,4814.0,43.84503531366847,840.0,251.27380952380952,3974.0,53.11273276295923
324,Frederick County,2004,215568.0,4612.0,46.74067649609714,873.0,246.9278350515464,3739.0,57.65391815993581
325,Frederick County,2005,219311.0,4257.0,51.51773549447968,736.0,297.97690217391306,3521.0,62.28656631638739
326,Frederick County,2006,221305.0,4730.0,46.78752642706131,752.0,294.2885638297872,3978.0,55.63222724987431
327,Frederick County,2007,225374.0,4655.0,48.41546723952739,807.0,279.27385377943,3848.0,58.56912681912682
328,Frederick County,2008,226881.0,4973.0,45.62256183390308,793.0,286.1046658259773,4180.0,54.27775119617225
329,Frederick County,2009,230359.0,4737.0,48.629723453662656,793.0,290.4905422446406,3944.0,58.40745436105477
330,Frederick County,2010,232717.0,4698.0,49.53533418475947,728.0,319.6662087912088,3970.0,58.61889168765743
331,Frederick County,2011,235598.0,4573.0,51.51935272250164,593.0,397.29848229342326,3980.0,59.19547738693468
332,Frederick County,2012,239031.0,4598.0,51.98586341887777,620.0,385.53387096774196,3978.0,60.088235294117645
333,Frederick County,2013,241868.0,4740.0,51.027004219409285,614.0,393.92182410423453,4126.0,58.620455647115854
334,Frederick County,2014,243718.0,4339.0,56.16916340170546,606.0,402.17491749174917,3733.0,65.28743637824806
335,Frederick County,2015,245356.0,4097.0,59.886746399804736,596.0,411.6711409395973,3501.0,70.08169094544417
336,Frederick County,2016,246177.0,3769.0,65.31626426107721,601.0,409.61231281198,3168.0,77.70738636363636
337,Frederick County,2017,249745.0,3636.0,68.68674367436743,692.0,360.9031791907515,2944.0,84.83186141304348
338,Frederick County,2018,252641.0,3523.0,71.71189327277888,533.0,473.99812382739213,2990.0,84.49531772575251
339,Frederick County,2019,257177.0,3416.0,75.28600702576112,570.0,451.1877192982456,2846.0,90.36437104708362
340,Frederick County,2020,261667.0,2671.0,97.96593036315987,448.0,584.078125,2223.0,117.7089518668466
341,Garrett County,1990,28138.0,625.0,45.0208,104.0,270.5576923076923,521.0,54.00767754318618
342,Garrett County,1991,28599.0,588.0,48.63775510204081,78.0,366.65384615384613,510.0,56.076470588235296
343,Garrett County,1992,28881.0,633.0,45.62559241706161,91.0,317.3736263736264,542.0,53.2859778597786
344,Garrett County,1993,29306.0,706.0,41.50991501416431,50.0,586.12,656.0,44.673780487804876
345,Garrett County,1994,29546.0,657.0,44.97108066971081,56.0,527.6071428571429,601.0,49.161397670549086
346,Garrett County,1995,29582.0,594.0,49.8013468013468,57.0,518.9824561403509,537.0,55.08752327746741
347,Garrett County,1996,29757.0,591.0,50.3502538071066,37.0,804.2432432432432,554.0,53.7129963898917
348,Garrett County,1997,29885.0,624.0,47.892628205128204,71.0,420.9154929577465,553.0,54.041591320072335
349,Garrett County,1998,29749.0,601.0,49.499168053244595,32.0,929.65625,569.0,52.28295254833041
350,Garrett County,1999,29448.0,517.0,56.95938104448743,30.0,981.6,487.0,60.46817248459959
351,Garrett County,2000,29846.0,554.0,53.87364620938628,46.0,648.8260869565217,508.0,58.75196850393701
352,Garrett County,2001,30289.0,570.0,53.13859649122807,27.0,1121.8148148148148,543.0,55.78084714548803
353,Garrett County,2002,30757.0,537.0,57.2756052141527,44.0,699.0227272727273,493.0,62.38742393509128
354,Garrett County,2003,30156.0,582.0,51.81443298969072,46.0,655.5652173913044,536.0,56.26119402985075
355,Garrett County,2004,30317.0,491.0,61.74541751527495,55.0,551.2181818181818,436.0,69.53440366972477
356,Garrett County,2005,30353.0,529.0,57.37807183364839,62.0,489.56451612903226,467.0,64.99571734475374
357,Garrett County,2006,29991.0,587.0,51.09199318568995,63.0,476.04761904761904,524.0,57.23473282442748
358,Garrett County,2007,29619.0,610.0,48.55573770491803,64.0,462.796875,546.0,54.247252747252745
359,Garrett County,2008,29391.0,612.0,48.02450980392157,71.0,413.9577464788732,541.0,54.3271719038817
360,Garrett County,2009,29830.0,574.0,51.96864111498258,68.0,438.6764705882353,506.0,58.952569169960476
361,Garrett County,2010,29696.0,532.0,55.81954887218045,49.0,606.0408163265306,483.0,61.4824016563147
362,Garrett County,2011,30382.0,621.0,48.92431561996779,70.0,434.0285714285714,551.0,55.13974591651542
363,Garrett County,2012,30341.0,611.0,49.657937806873974,71.0,427.3380281690141,540.0,56.18703703703704
364,Garrett County,2013,29839.0,700.0,42.62714285714286,128.0,233.1171875,572.0,52.16608391608391
365,Garrett County,2014,29897.0,523.0,57.16443594646272,68.0,439.6617647058824,455.0,65.70769230769231
366,Garrett County,2015,29487.0,521.0,56.59692898272553,58.0,508.3965517241379,463.0,63.68682505399568
367,Garrett County,2016,29166.0,435.0,67.04827586206896,60.0,486.1,375.0,77.776
368,Garrett County,2017,29299.0,492.0,59.550813008130085,53.0,552.811320754717,439.0,66.74031890660592
369,Garrett County,2018,28874.0,406.0,71.11822660098522,70.0,412.48571428571427,336.0,85.93452380952381
370,Garrett County,2019,28898.0,432.0,66.89351851851852,79.0,365.7974683544304,353.0,81.86402266288952
371,Garrett County,2020,28797.0,357.0,80.66386554621849,64.0,449.953125,293.0,98.28327645051195
372,Harford County,1990,182132.0,5751.0,31.66962267431751,589.0,309.22241086587434,5162.0,35.283223556760944
373,Harford County,1991,185120.0,6722.0,27.53942279083606,651.0,284.3625192012289,6071.0,30.492505353319057
374,Harford County,1992,186946.0,6053.0,30.88485048736164,603.0,310.02653399668327,5450.0,34.302018348623854
375,Harford County,1993,197399.0,5680.0,34.75334507042253,539.0,366.23191094619665,5141.0,38.397004473837775
376,Harford County,1994,199021.0,5869.0,33.910546941557335,581.0,342.5490533562823,5288.0,37.636346444780635
377,Harford County,1995,203438.0,5979.0,34.02542231142331,638.0,318.86833855799375,5341.0,38.089870810709606
378,Harford County,1996,204646.0,6216.0,32.92245817245817,554.0,369.3971119133574,5662.0,36.143765453903214
379,Harford County,1997,205533.0,5989.0,34.31841709801302,653.0,314.7519142419602,5336.0,38.518178410794604
380,Harford County,1998,214271.0,5545.0,38.64220018034265,538.0,398.2732342007435,5007.0,42.79428799680447
381,Harford County,1999,216208.0,5440.0,39.74411764705882,563.0,384.0284191829485,4877.0,44.33217141685462
382,Harford County,2000,218590.0,5490.0,39.816029143898,621.0,351.9967793880837,4869.0,44.894228794413635
383,Harford County,2001,221837.0,6370.0,34.825274725274724,677.0,327.6765140324963,5693.0,38.966625680660464
384,Harford County,2002,225262.0,6906.0,32.61830292499276,841.0,267.85017835909633,6065.0,37.14130255564716
385,Harford County,2003,229831.0,6225.0,36.920642570281125,956.0,240.40899581589957,5269.0,43.619472385651925
386,Harford County,2004,234246.0,6246.0,37.50336215177714,885.0,264.6847457627119,5361.0,43.694459988808056
387,Harford County,2005,237388.0,5756.0,41.24183460736623,845.0,280.93254437869825,4911.0,48.33801669721034
388,Harford County,2006,239914.0,5585.0,42.956848701880034,826.0,290.45278450363196,4759.0,50.4126917419626
389,Harford County,2007,242818.0,5950.0,40.80974789915967,933.0,260.2550911039657,5017.0,48.399043252940004
390,Harford County,2008,240963.0,6100.0,39.502131147540986,879.0,274.1331058020478,5221.0,46.15265274851561
391,Harford County,2009,243988.0,5426.0,44.96645779579801,884.0,276.00452488687785,4542.0,53.71818582122413
392,Harford County,2010,246347.0,5355.0,46.00317460317461,853.0,288.80070339976555,4502.0,54.71945801865837
393,Harford County,2011,247147.0,4594.0,53.7977797126687,643.0,384.36547433903576,3951.0,62.55302455074665
394,Harford County,2012,248869.0,4728.0,52.63726734348562,697.0,357.0573888091822,4031.0,61.73877449764326
395,Harford County,2013,250244.0,4725.0,52.96169312169312,662.0,378.012084592145,4063.0,61.59094265321191
396,Harford County,2014,250706.0,4266.0,58.76840131270511,611.0,410.32078559738136,3655.0,68.59261285909713
397,Harford County,2015,250575.0,3747.0,66.87349879903923,598.0,419.0217391304348,3149.0,79.5728802794538
398,Harford County,2016,249859.0,4024.0,62.09219681908549,552.0,452.643115942029,3472.0,71.96399769585254
399,Harford County,2017,251859.0,3389.0,74.31661257007967,538.0,468.13940520446096,2851.0,88.34058225184145
400,Harford County,2018,251139.0,3388.0,74.12603305785125,556.0,451.68884892086334,2832.0,88.67902542372882
401,Harford County,2019,253798.0,2922.0,86.85763175906914,473.0,536.5708245243129,2449.0,103.63331972233564
402,Harford County,2020,255760.0,2217.0,115.36310329273793,411.0,622.2871046228711,1806.0,141.61683277962348
403,Howard County,1990,187328.0,8287.0,22.605044044889585,589.0,318.044142614601,7698.0,24.334632372044688
404,Howard County,1991,190403.0,9057.0,21.02274483824666,620.0,307.1016129032258,8437.0,22.56761882185611
405,Howard County,1992,192284.0,8741.0,21.997940739045877,588.0,327.01360544217687,8153.0,23.584447442659144
406,Howard County,1993,201881.0,8432.0,23.942243833017077,509.0,396.62278978388997,7923.0,25.480373595860154
407,Howard County,1994,203542.0,8860.0,22.97313769751693,587.0,346.74957410562183,8273.0,24.603166928562796
408,Howard County,1995,214511.0,9054.0,23.692401148663574,631.0,339.9540412044374,8423.0,25.467291938739166
409,Howard County,1996,215787.0,9045.0,23.85704809286899,633.0,340.8957345971564,8412.0,25.65228245363766
410,Howard County,1997,216723.0,9283.0,23.34622428094366,554.0,391.19675090252707,8729.0,24.82792988887616
411,Howard County,1998,230639.0,7723.0,29.86391298718115,441.0,522.9909297052154,7282.0,31.672480087887944
412,Howard County,1999,238083.0,7772.0,30.633427689140504,490.0,485.88367346938776,7282.0,32.69472672342763
413,Howard County,2000,247842.0,7834.0,31.636711769211132,503.0,492.727634194831,7331.0,33.807393261492294
414,Howard County,2001,251523.0,8444.0,29.787186167693037,515.0,488.3941747572816,7929.0,31.72190692395006
415,Howard County,2002,255406.0,7855.0,32.51508593252705,473.0,539.970401691332,7382.0,34.59848279599024
416,Howard County,2003,262537.0,7537.0,34.833090088894785,549.0,478.2094717668488,6988.0,37.569690898683454
417,Howard County,2004,266623.0,7465.0,35.71640991292699,609.0,437.8045977011494,6856.0,38.88900233372229
418,Howard County,2005,268769.0,7793.0,34.48851533427435,615.0,437.02276422764226,7178.0,37.44343828364447
419,Howard County,2006,270195.0,7784.0,34.71158787255909,624.0,433.0048076923077,7160.0,37.73673184357542
420,Howard County,2007,273642.0,7827.0,34.96128784975086,590.0,463.8,7237.0,37.81152411220119
421,Howard County,2008,274874.0,8961.0,30.674478294833165,705.0,389.8921985815603,8256.0,33.2938468992248
422,Howard County,2009,279350.0,7771.0,35.94775447175396,751.0,371.9707057256991,7020.0,39.793447293447294
423,Howard County,2010,286963.0,7371.0,38.93135259801927,566.0,507.0017667844523,6805.0,42.16943423952976
424,Howard County,2011,289807.0,7186.0,40.32939048149179,608.0,476.65625,6578.0,44.05700820918212
425,Howard County,2012,295972.0,6999.0,42.28775539362766,580.0,510.29655172413794,6419.0,46.108739679077736
426,Howard County,2013,303727.0,6751.0,44.98992741816027,625.0,485.9632,6126.0,49.57998694090761
427,Howard County,2014,309341.0,6343.0,48.768879079300014,614.0,503.8127035830619,5729.0,53.99563623669052
428,Howard County,2015,313717.0,6039.0,51.9485014075178,723.0,433.91009681881053,5316.0,59.01373212942062
429,Howard County,2016,316777.0,6258.0,50.61952700543304,721.0,439.35783633841885,5537.0,57.210944554813075
430,Howard County,2017,322066.0,6284.0,51.25175047740293,775.0,415.5690322580645,5509.0,58.461789798511525
431,Howard County,2018,323435.0,5197.0,62.234943236482586,645.0,501.4496124031008,4552.0,71.05338312829525
432,Howard County,2019,326167.0,4833.0,67.48748189530312,517.0,630.8839458413927,4316.0,75.57159406858202
433,Howard County,2020,329010.0,3993.0,82.39669421487604,397.0,828.7405541561712,3596.0,91.49332591768632
434,Kent County,1990,17842.0,538.0,33.1635687732342,53.0,336.64150943396226,485.0,36.78762886597938
435,Kent County,1991,18134.0,478.0,37.93723849372385,59.0,307.35593220338984,419.0,43.279236276849645
436,Kent County,1992,18312.0,533.0,34.35647279549718,64.0,286.125,469.0,39.04477611940298
437,Kent County,1993,18550.0,541.0,34.288354898336415,85.0,218.23529411764707,456.0,40.67982456140351
438,Kent County,1994,18702.0,456.0,41.01315789473684,75.0,249.36,381.0,49.08661417322835
439,Kent County,1995,18820.0,563.0,33.42806394316163,85.0,221.41176470588235,478.0,39.37238493723849
440,Kent County,1996,18931.0,404.0,46.85891089108911,58.0,326.3965517241379,346.0,54.713872832369944
441,Kent County,1997,19012.0,396.0,48.01010101010101,56.0,339.5,340.0,55.917647058823526
442,Kent County,1998,19220.0,476.0,40.378151260504204,39.0,492.8205128205128,437.0,43.98169336384439
443,Kent County,1999,19061.0,368.0,51.796195652173914,43.0,443.27906976744185,325.0,58.64923076923077
444,Kent County,2000,19197.0,408.0,47.0514705882353,58.0,330.98275862068965,350.0,54.848571428571425
445,Kent County,2001,19482.0,400.0,48.705,60.0,324.7,340.0,57.3
446,Kent County,2002,19783.0,508.0,38.94291338582677,90.0,219.8111111111111,418.0,47.32775119617225
447,Kent County,2003,19795.0,372.0,53.21236559139785,78.0,253.78205128205127,294.0,67.32993197278911
448,Kent County,2004,19856.0,438.0,45.333333333333336,58.0,342.3448275862069,380.0,52.252631578947366
449,Kent County,2005,19731.0,394.0,50.078680203045685,89.0,221.69662921348313,305.0,64.69180327868852
450,Kent County,2006,19954.0,467.0,42.728051391862955,76.0,262.55263157894734,391.0,51.033248081841435
451,Kent County,2007,19926.0,434.0,45.91244239631337,80.0,249.075,354.0,56.28813559322034
452,Kent County,2008,19936.0,530.0,37.615094339622644,113.0,176.42477876106196,417.0,47.80815347721823
453,Kent County,2009,20351.0,424.0,47.99764150943396,86.0,236.63953488372093,338.0,60.210059171597635
454,Kent County,2010,20464.0,419.0,48.840095465393794,52.0,393.53846153846155,367.0,55.76021798365122
455,Kent County,2011,20388.0,455.0,44.808791208791206,65.0,313.66153846153844,390.0,52.276923076923076
456,Kent County,2012,20399.0,441.0,46.2562358276644,85.0,239.98823529411766,356.0,57.300561797752806
457,Kent County,2013,20232.0,401.0,50.45386533665835,64.0,316.125,337.0,60.03560830860534
458,Kent County,2014,19915.0,386.0,51.59326424870466,46.0,432.9347826086956,340.0,58.5735294117647
459,Kent County,2015,19664.0,382.0,51.47643979057592,78.0,252.10256410256412,304.0,64.6842105263158
460,Kent County,2016,19592.0,294.0,66.63945578231292,41.0,477.8536585365854,253.0,77.43873517786561
461,Kent County,2017,19642.0,215.0,91.35813953488372,29.0,677.3103448275862,186.0,105.60215053763442
462,Kent County,2018,19116.0,174.0,109.86206896551724,27.0,708.0,147.0,130.0408163265306
463,Kent County,2019,19186.0,203.0,94.51231527093596,21.0,913.6190476190476,182.0,105.41758241758242
464,Kent County,2020,19273.0,152.0,126.79605263157895,26.0,741.2692307692307,126.0,152.96031746031747
465,Montgomery County,1990,757027.0,30489.0,24.8295122831185,2198.0,344.4162875341219,28291.0,26.758580467286418
466,Montgomery County,1991,769456.0,34751.0,22.14198152571149,2572.0,299.16640746500775,32179.0,23.91174368376892
467,Montgomery County,1992,777056.0,33425.0,23.247748691099478,2499.0,310.94677871148457,30926.0,25.126301493888636
468,Montgomery County,1993,788643.0,31965.0,24.672078836227122,2280.0,345.8960526315789,29685.0,26.567054067710966
469,Montgomery County,1994,795132.0,34006.0,23.382109039581252,2315.0,343.4695464362851,31691.0,25.090151778107348
470,Montgomery County,1995,808499.0,35033.0,23.07821197156966,2521.0,320.70567235224115,32512.0,24.867710383858267
471,Montgomery County,1996,813307.0,34734.0,23.415299130534923,2286.0,355.77734033245844,32448.0,25.06493466469428
472,Montgomery County,1997,822028.0,32680.0,25.153855569155446,2296.0,358.02613240418117,30384.0,27.05463401790416
473,Montgomery County,1998,833420.0,31091.0,26.80582805313435,2014.0,413.81330685203574,29077.0,28.662516765828663
474,Montgomery County,1999,846910.0,27249.0,31.080406620426437,1692.0,500.53782505910164,25557.0,33.13808349962828
475,Montgomery County,2000,873341.0,27544.0,31.70712314841708,1873.0,466.27923117992526,25671.0,34.02052900159713
476,Montgomery County,2001,886314.0,28002.0,31.651810584958216,1972.0,449.4492900608519,26030.0,34.04971187091817
477,Montgomery County,2002,899994.0,29791.0,30.210264845087444,2104.0,427.75380228136885,27687.0,32.50601365261675
478,Montgomery County,2003,918624.0,28679.0,32.03124237246766,2262.0,406.1114058355438,26417.0,34.773971306355755
479,Montgomery County,2004,927079.0,24766.0,37.43353791488331,2060.0,450.0383495145631,22706.0,40.82969259226636
480,Montgomery County,2005,928710.0,25105.0,36.99302927703645,2196.0,422.90983606557376,22909.0,40.53908944083111
481,Montgomery County,2006,930123.0,26342.0,35.30950573229064,2304.0,403.69921875,24038.0,38.693859722106666
482,Montgomery County,2007,932846.0,26730.0,34.89884025439581,2207.0,422.67603081105574,24523.0,38.03963625983771
483,Montgomery County,2008,943025.0,28053.0,33.615834313620645,2231.0,422.6916181084715,25822.0,36.520215320269536
484,Montgomery County,2009,963898.0,26234.0,36.742319127849356,2162.0,445.836262719704,24072.0,40.04228979727484
485,Montgomery County,2010,987166.0,22643.0,43.59696153336572,1797.0,549.341124095715,20846.0,47.3551760529598
486,Montgomery County,2011,980991.0,20216.0,48.525474871389,1689.0,580.8117229129663,18527.0,52.94926323743725
487,Montgomery County,2012,999353.0,19268.0,51.865943533319495,1874.0,533.2726787620064,17394.0,57.45389214671726
488,Montgomery County,2013,1016455.0,18038.0,56.35075950770595,1769.0,574.5929903900509,16269.0,62.47802569303583
489,Montgomery County,2014,1029182.0,18475.0,55.706738836265224,1738.0,592.1645569620254,16737.0,61.49142618151401
490,Montgomery County,2015,1041345.0,18566.0,56.08881826995583,2032.0,512.4729330708661,16534.0,62.982037014636504
491,Montgomery County,2016,1047303.0,17443.0,60.04144929197959,1834.0,571.0485278080698,15609.0,67.09609840476648
492,Montgomery County,2017,1054933.0,17822.0,59.19273931096398,1887.0,559.0529941706412,15935.0,66.20225917791026
493,Montgomery County,2018,1062595.0,16125.0,65.89736434108526,1863.0,570.3676865271068,14262.0,74.50532884588416
494,Montgomery County,2019,1057224.0,16696.0,63.32199329180642,1835.0,576.1438692098093,14861.0,71.14083843617523
495,Montgomery County,2020,1055918.0,16594.0,63.632517777509946,1760.0,599.9534090909091,14834.0,71.18228394229473
496,Prince George's County,1990,729268.0,52742.0,13.827082780326874,8517.0,85.62498532347071,44225.0,16.489949123798755
497,Prince George's County,1991,741233.0,54540.0,13.59063072973964,8712.0,85.08184113865931,45828.0,16.174238456838616
498,Prince George's County,1992,748546.0,55295.0,13.537318021520933,8289.0,90.30594764145253,47006.0,15.924477726247712
499,Prince George's County,1993,757930.0,57255.0,13.237795825692078,8993.0,84.27999555209607,48262.0,15.704488002983714
500,Prince George's County,1994,764160.0,56712.0,13.474396953025815,8339.0,91.63688691689651,48373.0,15.797242263246027
501,Prince George's County,1995,765197.0,60927.0,12.559243028542355,8976.0,85.2492201426025,51951.0,14.729206367538643
502,Prince George's County,1996,769740.0,60078.0,12.81234395286128,9063.0,84.93214167494207,51015.0,15.088503381358423
503,Prince George's County,1997,767869.0,53106.0,14.459175987647347,7272.0,105.59254675467547,45834.0,16.75326177073788
504,Prince George's County,1998,776836.0,54123.0,14.353158546274226,7868.0,98.73360447381799,46255.0,16.79463841746838
505,Prince George's County,1999,783389.0,49020.0,15.981007751937984,6661.0,117.60831706950908,42359.0,18.49403904719186
506,Prince George's County,2000,801515.0,50892.0,15.749331918572663,7409.0,108.18126602780403,43483.0,18.432835820895523
507,Prince George's County,2001,813420.0,58949.0,13.798707357207077,8254.0,98.5485825054519,50695.0,16.04536936581517
508,Prince George's County,2002,825978.0,62144.0,13.291355561277033,8478.0,97.42604387827318,53666.0,15.39108560354787
509,Prince George's County,2003,840833.0,61072.0,13.767896908566938,8009.0,104.98601573230115,53063.0,15.845937847464334
510,Prince George's County,2004,846199.0,61620.0,13.732538136968516,8188.0,103.3462383976551,53432.0,15.836932924090434
511,Prince George's County,2005,849387.0,62641.0,13.559601538928177,9497.0,89.4374012846162,53144.0,15.982744994731297
512,Prince George's County,2006,848440.0,54499.0,15.56799207324905,8481.0,100.04008961207404,46018.0,18.437133295666914
513,Prince George's County,2007,841216.0,51733.0,16.260723329402897,7515.0,111.93825681969395,44218.0,19.0242887511873
514,Prince George's County,2008,826094.0,51268.0,16.11324802996021,7400.0,111.63432432432433,43868.0,18.831357709492114
515,Prince George's County,2009,826893.0,44766.0,18.47145154804986,6621.0,124.88944268237427,38145.0,21.677624852536375
516,Prince George's County,2010,842550.0,43073.0,19.56097787477074,6202.0,135.85133827797483,36871.0,22.85129234357625
517,Prince George's County,2011,871606.0,38110.0,22.870795066911572,5169.0,168.62178371058232,32941.0,26.459609605051455
518,Prince George's County,2012,879645.0,36072.0,24.385811709913508,4946.0,177.84977759805903,31126.0,28.260778770159995
519,Prince George's County,2013,888070.0,33058.0,26.863996612015246,4490.0,197.78841870824053,28568.0,31.086180341640997
520,Prince George's County,2014,898019.0,30671.0,29.27909099801115,4128.0,217.5433624031008,26543.0,33.832611234600456
521,Prince George's County,2015,911524.0,26386.0,34.54574395512772,4139.0,220.2280744141097,22247.0,40.97289522182766
522,Prince George's County,2016,913206.0,24230.0,37.68906314486174,3519.0,259.5072463768116,20711.0,44.0928009270436
523,Prince George's County,2017,914736.0,22558.0,40.550403404557144,2949.0,310.1851475076297,19609.0,46.64878372176042
524,Prince George's County,2018,912326.0,21087.0,43.264855124010055,2801.0,325.7143877186719,18286.0,49.89204856174122
525,Prince George's County,2019,910354.0,19563.0,46.534478351991005,2828.0,321.9073550212164,16735.0,54.39820734986555
526,Prince George's County,2020,911234.0,19401.0,46.96840369053142,3161.0,288.2739639354635,16240.0,56.11046798029557
527,Queen Anne's County,1990,33953.0,977.0,34.752302968270214,113.0,300.46902654867256,864.0,39.2974537037037
528,Queen Anne's County,1991,34510.0,994.0,34.71830985915493,141.0,244.75177304964538,853.0,40.457209847596715
529,Queen Anne's County,1992,34850.0,1026.0,33.966861598440545,139.0,250.71942446043167,887.0,39.28974069898534
530,Queen Anne's County,1993,35500.0,1074.0,33.05400372439479,116.0,306.0344827586207,958.0,37.05636743215031
531,Queen Anne's County,1994,35792.0,935.0,38.28021390374332,106.0,337.66037735849056,829.0,43.17490952955368
532,Queen Anne's County,1995,36329.0,862.0,42.14501160092807,80.0,454.1125,782.0,46.45652173913044
533,Queen Anne's County,1996,36544.0,976.0,37.442622950819676,61.0,599.0819672131148,915.0,39.93879781420765
534,Queen Anne's County,1997,36701.0,981.0,37.4118246687054,91.0,403.3076923076923,890.0,41.237078651685394
535,Queen Anne's County,1998,39408.0,1103.0,35.72801450589302,107.0,368.29906542056074,996.0,39.566265060240966
536,Queen Anne's County,1999,39957.0,1221.0,32.72481572481573,78.0,512.2692307692307,1143.0,34.958005249343834
537,Queen Anne's County,2000,40563.0,1024.0,39.6123046875,113.0,358.9646017699115,911.0,44.525795828759605
538,Queen Anne's County,2001,41165.0,995.0,41.37185929648241,158.0,260.5379746835443,837.0,49.1816009557945
539,Queen Anne's County,2002,41801.0,1025.0,40.781463414634146,181.0,230.94475138121547,844.0,49.52725118483412
540,Queen Anne's County,2003,43233.0,1032.0,41.89244186046512,166.0,260.43975903614455,866.0,49.92263279445727
541,Queen Anne's County,2004,44502.0,953.0,46.696747114375654,78.0,570.5384615384615,875.0,50.85942857142857
542,Queen Anne's County,2005,45421.0,1002.0,45.330339321357286,72.0,630.8472222222222,930.0,48.839784946236556
543,Queen Anne's County,2006,45737.0,1116.0,40.98297491039426,128.0,357.3203125,988.0,46.29251012145749
544,Queen Anne's County,2007,46703.0,1087.0,42.96504139834406,142.0,328.8943661971831,945.0,49.421164021164024
545,Queen Anne's County,2008,47016.0,1112.0,42.280575539568346,161.0,292.0248447204969,951.0,49.4384858044164
546,Queen Anne's County,2009,48088.0,1034.0,46.50676982591876,117.0,411.008547008547,917.0,52.44056706652127
547,Queen Anne's County,2010,49023.0,1102.0,44.48548094373866,120.0,408.525,982.0,49.92158859470469
548,Queen Anne's County,2011,48251.0,1099.0,43.904458598726116,149.0,323.8322147651007,950.0,50.79052631578947
549,Queen Anne's County,2012,48821.0,914.0,53.41466083150985,93.0,524.9569892473119,821.0,59.465286236297196
550,Queen Anne's County,2013,48932.0,961.0,50.91779396462019,116.0,421.82758620689657,845.0,57.90769230769231
551,Queen Anne's County,2014,48773.0,863.0,56.51564310544612,109.0,447.45871559633025,754.0,64.68567639257294
552,Queen Anne's County,2015,48890.0,794.0,61.5743073047859,96.0,509.2708333333333,698.0,70.0429799426934
553,Queen Anne's County,2016,48839.0,720.0,67.83194444444445,116.0,421.0258620689655,604.0,80.8592715231788
554,Queen Anne's County,2017,49084.0,683.0,71.86530014641288,74.0,663.2972972972973,609.0,80.59770114942529
555,Queen Anne's County,2018,49656.0,532.0,93.33834586466165,71.0,699.3802816901408,461.0,107.71366594360087
556,Queen Anne's County,2019,50313.0,504.0,99.82738095238095,72.0,698.7916666666666,432.0,116.46527777777777
557,Queen Anne's County,2020,50510.0,437.0,115.58352402745996,94.0,537.3404255319149,343.0,147.2594752186589
558,Somerset County,1990,23440.0,642.0,36.51090342679128,104.0,225.3846153846154,538.0,43.56877323420074
559,Somerset County,1991,23824.0,852.0,27.962441314553992,129.0,184.68217054263565,723.0,32.95159059474412
560,Somerset County,1992,24057.0,948.0,25.376582278481013,180.0,133.65,768.0,31.32421875
561,Somerset County,1993,23785.0,970.0,24.52061855670103,137.0,173.61313868613138,833.0,28.55342136854742
562,Somerset County,1994,23980.0,949.0,25.268703898840887,108.0,222.03703703703704,841.0,28.513674197384066
563,Somerset County,1995,23895.0,769.0,31.072821846553968,85.0,281.11764705882354,684.0,34.93421052631579
564,Somerset County,1996,24036.0,897.0,26.795986622073578,133.0,180.7218045112782,764.0,31.460732984293195
565,Somerset County,1997,24139.0,841.0,28.702734839476815,125.0,193.112,716.0,33.71368715083799
566,Somerset County,1998,24671.0,829.0,29.759951749095297,131.0,188.32824427480915,698.0,35.345272206303726
567,Somerset County,1999,24470.0,829.0,29.517490952955367,140.0,174.78571428571428,689.0,35.51523947750363
568,Somerset County,2000,24747.0,754.0,32.820954907161806,124.0,199.57258064516128,630.0,39.28095238095238
569,Somerset County,2001,25115.0,663.0,37.880844645550525,124.0,202.54032258064515,539.0,46.59554730983302
570,Somerset County,2002,25503.0,767.0,33.2503259452412,118.0,216.1271186440678,649.0,39.29583975346687
571,Somerset County,2003,25793.0,851.0,30.309048178613395,136.0,189.65441176470588,715.0,36.074125874125876
572,Somerset County,2004,25674.0,808.0,31.774752475247524,135.0,190.17777777777778,673.0,38.14858841010401
573,Somerset County,2005,26060.0,873.0,29.851088201603666,124.0,210.16129032258064,749.0,34.79305740987984
574,Somerset County,2006,25916.0,1011.0,25.634025717111772,127.0,204.06299212598427,884.0,29.316742081447963
575,Somerset County,2007,25722.0,859.0,29.944121071012805,122.0,210.8360655737705,737.0,34.90094979647218
576,Somerset County,2008,25996.0,798.0,32.576441102756895,94.0,276.5531914893617,704.0,36.92613636363637
577,Somerset County,2009,26409.0,801.0,32.97003745318352,101.0,261.4752475247525,700.0,37.72714285714286
578,Somerset County,2010,26236.0,655.0,40.05496183206107,86.0,305.06976744186045,569.0,46.10896309314587
579,Somerset County,2011,26721.0,662.0,40.36404833836858,81.0,329.8888888888889,581.0,45.99139414802065
580,Somerset County,2012,26593.0,569.0,46.73637961335677,75.0,354.5733333333333,494.0,53.83198380566802
581,Somerset County,2013,26226.0,585.0,44.83076923076923,71.0,369.38028169014086,514.0,51.023346303501945
582,Somerset County,2014,26270.0,535.0,49.10280373831776,71.0,370.0,464.0,56.616379310344826
583,Somerset County,2015,25626.0,448.0,57.200892857142854,83.0,308.7469879518072,365.0,70.20821917808219
584,Somerset County,2016,25481.0,607.0,41.97858319604613,115.0,221.57391304347826,492.0,51.790650406504064
585,Somerset County,2017,25822.0,508.0,50.830708661417326,107.0,241.3271028037383,401.0,64.39401496259352
586,Somerset County,2018,25635.0,432.0,59.34027777777778,105.0,244.14285714285714,327.0,78.39449541284404
587,Somerset County,2019,25452.0,387.0,65.76744186046511,68.0,374.29411764705884,319.0,79.78683385579937
588,Somerset County,2020,25440.0,398.0,63.91959798994975,72.0,353.3333333333333,326.0,78.03680981595092
589,St. Mary's County,1990,75974.0,2626.0,28.931454683929932,449.0,169.20712694877506,2177.0,34.89848415250344
590,St. Mary's County,1991,77221.0,2910.0,26.536426116838488,419.0,184.2983293556086,2491.0,31.0
591,St. Mary's County,1992,77983.0,2577.0,30.26115638339154,398.0,195.93718592964825,2179.0,35.78843506195503
592,St. Mary's County,1993,80410.0,2433.0,33.049732840115084,358.0,224.60893854748602,2075.0,38.75180722891566
593,St. Mary's County,1994,81071.0,2321.0,34.929340801378714,316.0,256.55379746835445,2005.0,40.43441396508728
594,St. Mary's County,1995,80901.0,2400.0,33.70875,337.0,240.06231454005933,2063.0,39.21522055259331
595,St. Mary's County,1996,81382.0,2674.0,30.43455497382199,331.0,245.86706948640483,2343.0,34.734101579172
596,St. Mary's County,1997,81735.0,2900.0,28.18448275862069,339.0,241.10619469026548,2561.0,31.91526747364311
597,St. Mary's County,1998,86374.0,2438.0,35.42821985233798,280.0,308.47857142857146,2158.0,40.02502316960148
598,St. Mary's County,1999,88299.0,2108.0,41.88757115749526,276.0,319.92391304347825,1832.0,48.1981441048035
599,St. Mary's County,2000,86211.0,2175.0,39.637241379310346,292.0,295.2431506849315,1883.0,45.78385554965481
600,St. Mary's County,2001,87492.0,1874.0,46.68729989327642,322.0,271.7142857142857,1552.0,56.373711340206185
601,St. Mary's County,2002,88842.0,2142.0,41.476190476190474,376.0,236.28191489361703,1766.0,50.30690826727067
602,St. Mary's County,2003,90882.0,2194.0,41.42297174111212,321.0,283.1214953271028,1873.0,48.522156967431926
603,St. Mary's County,2004,93582.0,2217.0,42.21109607577808,308.0,303.8376623376623,1909.0,49.021477213200626
604,St. Mary's County,2005,95644.0,2318.0,41.261432269197584,360.0,265.6777777777778,1958.0,48.847803881511744
605,St. Mary's County,2006,96782.0,2716.0,35.634020618556704,320.0,302.44375,2396.0,40.39315525876461
606,St. Mary's County,2007,99909.0,2676.0,37.33520179372197,327.0,305.5321100917431,2349.0,42.53256704980843
607,St. Mary's County,2008,101533.0,2525.0,40.21108910891089,304.0,333.99013157894734,2221.0,45.71499324628546
608,St. Mary's County,2009,103916.0,2364.0,43.957698815566836,308.0,337.38961038961037,2056.0,50.54280155642024
609,St. Mary's County,2010,105411.0,2567.0,41.06388780677834,323.0,326.3498452012384,2244.0,46.974598930481285
610,St. Mary's County,2011,106148.0,2957.0,35.897193101115995,271.0,391.690036900369,2686.0,39.51898734177215
611,St. Mary's County,2012,108522.0,3035.0,35.75683690280066,257.0,422.26459143968873,2778.0,39.06479481641469
612,St. Mary's County,2013,110294.0,2744.0,40.19460641399417,243.0,453.8847736625514,2501.0,44.0999600159936
613,St. Mary's County,2014,110842.0,2474.0,44.802748585286984,263.0,421.45247148288973,2211.0,50.132066938037084
614,St. Mary's County,2015,111234.0,2584.0,43.047213622291025,297.0,374.52525252525254,2287.0,48.63751639702667
615,St. Mary's County,2016,111930.0,2302.0,48.622936576889664,227.0,493.0837004405286,2075.0,53.9421686746988
616,St. Mary's County,2017,113700.0,2196.0,51.775956284153004,216.0,526.3888888888889,1980.0,57.42424242424242
617,St. Mary's County,2018,112779.0,2162.0,52.16419981498613,249.0,452.9277108433735,1913.0,58.953998954521694
618,St. Mary's County,2019,112993.0,2111.0,53.52581714827096,231.0,489.1471861471861,1880.0,60.102659574468085
619,St. Mary's County,2020,114031.0,1744.0,65.38474770642202,215.0,530.3767441860465,1529.0,74.5788096795291
620,Talbot County,1990,30549.0,1076.0,28.391263940520446,185.0,165.12972972972972,891.0,34.28619528619529
621,Talbot County,1991,31048.0,1151.0,26.9748045178106,140.0,221.77142857142857,1011.0,30.71018793273986
622,Talbot County,1992,31354.0,1156.0,27.122837370242216,141.0,222.36879432624113,1015.0,30.89064039408867
623,Talbot County,1993,31533.0,1142.0,27.612084063047284,182.0,173.25824175824175,960.0,32.846875
624,Talbot County,1994,31790.0,1227.0,25.908720456397717,154.0,206.42857142857142,1073.0,29.627213420316867
625,Talbot County,1995,32243.0,1270.0,25.388188976377954,190.0,169.7,1080.0,29.85462962962963
626,Talbot County,1996,32432.0,1219.0,26.605414273995077,132.0,245.6969696969697,1087.0,29.836246550137993
627,Talbot County,1997,32571.0,1206.0,27.007462686567163,139.0,234.32374100719426,1067.0,30.52577319587629
628,Talbot County,1998,33320.0,1264.0,26.360759493670887,149.0,223.6241610738255,1115.0,29.883408071748878
629,Talbot County,1999,33302.0,1145.0,29.08471615720524,114.0,292.12280701754383,1031.0,32.300678952473326
630,Talbot County,2000,33812.0,1052.0,32.14068441064639,89.0,379.91011235955057,963.0,35.111111111111114
631,Talbot County,2001,34314.0,945.0,36.31111111111111,71.0,483.2957746478873,874.0,39.26086956521739
632,Talbot County,2002,34844.0,897.0,38.845039018952065,87.0,400.5057471264368,810.0,43.01728395061728
633,Talbot County,2003,34582.0,975.0,35.46871794871795,145.0,238.49655172413793,830.0,41.665060240963854
634,Talbot County,2004,34979.0,1017.0,34.39429695181907,139.0,251.6474820143885,878.0,39.83940774487471
635,Talbot County,2005,35284.0,1001.0,35.24875124875125,123.0,286.8617886178862,878.0,40.18678815489749
636,Talbot County,2006,35781.0,1054.0,33.94781783681214,116.0,308.4568965517241,938.0,38.146055437100216
637,Talbot County,2007,36063.0,1078.0,33.45361781076067,112.0,321.99107142857144,966.0,37.33229813664596
638,Talbot County,2008,36232.0,1213.0,29.869744435284417,158.0,229.31645569620252,1055.0,34.343127962085305
639,Talbot County,2009,36662.0,1062.0,34.52165725047081,86.0,426.30232558139534,976.0,37.56352459016394
640,Talbot County,2010,36717.0,958.0,38.32672233820459,81.0,453.2962962962963,877.0,41.866590649942985
641,Talbot County,2011,38140.0,1007.0,37.87487586891758,85.0,448.70588235294116,922.0,41.366594360086765
642,Talbot County,2012,38392.0,959.0,40.033368091762256,89.0,431.3707865168539,870.0,44.12873563218391
643,Talbot County,2013,38253.0,737.0,51.90366350067843,73.0,524.013698630137,664.0,57.609939759036145
644,Talbot County,2014,38020.0,900.0,42.24444444444445,101.0,376.43564356435644,799.0,47.584480600750936
645,Talbot County,2015,37473.0,773.0,48.47736093143596,87.0,430.7241379310345,686.0,54.62536443148688
646,Talbot County,2016,37221.0,791.0,47.05562579013907,83.0,448.4457831325301,708.0,52.57203389830509
647,Talbot County,2017,37156.0,730.0,50.8986301369863,54.0,688.074074074074,676.0,54.96449704142012
648,Talbot County,2018,36698.0,648.0,56.632716049382715,66.0,556.030303030303,582.0,63.054982817869416
649,Talbot County,2019,36673.0,541.0,67.78743068391867,77.0,476.27272727272725,464.0,79.03663793103448
650,Talbot County,2020,36983.0,477.0,77.53249475890985,109.0,339.29357798165137,368.0,100.49728260869566
651,Washington County,1990,121393.0,3180.0,38.17389937106918,347.0,349.835734870317,2833.0,42.84962936816096
652,Washington County,1991,123385.0,3605.0,34.22607489597781,359.0,343.6908077994429,3246.0,38.01139864448552
653,Washington County,1992,124602.0,3198.0,38.9624765478424,392.0,317.86224489795916,2806.0,44.405559515324306
654,Washington County,1993,126701.0,3250.0,38.984923076923074,367.0,345.23433242506815,2883.0,43.94762400277489
655,Washington County,1994,127743.0,3088.0,41.3675518134715,390.0,327.54615384615386,2698.0,47.3472942920682
656,Washington County,1995,127509.0,3504.0,36.38955479452055,497.0,256.5573440643863,3007.0,42.404057199866976
657,Washington County,1996,128265.0,3601.0,35.619272424326574,430.0,298.2906976744186,3171.0,40.44938505203406
658,Washington County,1997,128820.0,3598.0,35.803224013340746,522.0,246.7816091954023,3076.0,41.879063719115734
659,Washington County,1998,129186.0,3365.0,38.39108469539376,502.0,257.3426294820717,2863.0,45.12259867272092
660,Washington County,1999,128265.0,3298.0,38.891752577319586,413.0,310.5690072639225,2885.0,44.45927209705373
661,Washington County,2000,131923.0,3600.0,36.64527777777778,439.0,300.5079726651481,3161.0,41.734577665295795
662,Washington County,2001,133882.0,3657.0,36.609789444900194,519.0,257.96146435452795,3138.0,42.664754620777565
663,Washington County,2002,135950.0,3600.0,37.763888888888886,473.0,287.4207188160677,3127.0,43.47617524784138
664,Washington County,2003,135495.0,3538.0,38.297060486150365,491.0,275.9572301425662,3047.0,44.468329504430585
665,Washington County,2004,138016.0,3643.0,37.885259401592094,536.0,257.4925373134328,3107.0,44.42098487286772
666,Washington County,2005,140687.0,3790.0,37.12058047493404,521.0,270.03262955854126,3269.0,43.036708473539306
667,Washington County,2006,142284.0,4021.0,35.385227555334495,568.0,250.5,3453.0,41.20590790616855
668,Washington County,2007,144219.0,3763.0,38.32553813446718,506.0,285.0177865612648,3257.0,44.27970525023027
669,Washington County,2008,145781.0,3623.0,40.237648357714605,442.0,329.8212669683258,3181.0,45.828670229487585
670,Washington County,2009,147664.0,3259.0,45.30960417305922,395.0,373.83291139240504,2864.0,51.55865921787709
671,Washington County,2010,148210.0,3474.0,42.66263672999424,446.0,332.30941704035877,3028.0,48.94649933949802
672,Washington County,2011,148828.0,3678.0,40.464382816748234,450.0,330.7288888888889,3228.0,46.10532837670384
673,Washington County,2012,149634.0,3448.0,43.39733178654292,387.0,386.6511627906977,3061.0,48.88402482848742
674,Washington County,2013,149938.0,3492.0,42.937571592210766,388.0,386.4381443298969,3104.0,48.30476804123711
675,Washington County,2014,150339.0,3714.0,40.47899838449111,479.0,313.86012526096033,3235.0,46.472642967542505
676,Washington County,2015,149573.0,3411.0,43.85019055995309,453.0,330.1832229580574,2958.0,50.56558485463151
677,Washington County,2016,149090.0,3632.0,41.04900881057269,450.0,331.31111111111113,3182.0,46.85417976115651
678,Washington County,2017,150632.0,3192.0,47.19047619047619,572.0,263.34265734265733,2620.0,57.49312977099237
679,Washington County,2018,149781.0,3367.0,44.48500148500148,587.0,255.16354344122658,2780.0,53.878057553956836
680,Washington County,2019,150576.0,2775.0,54.26162162162162,497.0,302.9698189134809,2278.0,66.10008779631255
681,Washington County,2020,150927.0,2249.0,67.10849266340595,477.0,316.40880503144655,1772.0,85.17325056433408
682,Wicomico County,1990,74339.0,4214.0,17.64095870906502,831.0,89.45728038507822,3383.0,21.97428318060893
683,Wicomico County,1991,75558.0,4609.0,16.393577782599262,631.0,119.74326465927099,3978.0,18.99396681749623
684,Wicomico County,1992,76303.0,5061.0,15.076664690772574,763.0,100.00393184796854,4298.0,17.753140995812007
685,Wicomico County,1993,77414.0,4914.0,15.753764753764754,743.0,104.19111709286676,4171.0,18.560057540158237
686,Wicomico County,1994,78049.0,5305.0,14.712346842601319,828.0,94.262077294686,4477.0,17.43332588787134
687,Wicomico County,1995,79034.0,5229.0,15.11455345190285,748.0,105.66042780748663,4481.0,17.63758089712118
688,Wicomico County,1996,79503.0,5358.0,14.83818589025756,733.0,108.462482946794,4625.0,17.18983783783784
689,Wicomico County,1997,79846.0,4453.0,17.930833146193578,528.0,151.22348484848484,3925.0,20.342929936305733
690,Wicomico County,1998,79956.0,4264.0,18.75140712945591,528.0,151.4318181818182,3736.0,21.40149892933619
691,Wicomico County,1999,79936.0,4219.0,18.946669826973217,640.0,124.9,3579.0,22.33473037161218
692,Wicomico County,2000,84644.0,4455.0,18.999775533108867,772.0,109.64248704663213,3683.0,22.982351344013033
693,Wicomico County,2001,85901.0,4932.0,17.417072181670722,1016.0,84.5482283464567,3916.0,21.935903983656793
694,Wicomico County,2002,87228.0,4400.0,19.824545454545454,792.0,110.13636363636364,3608.0,24.176274944567627
695,Wicomico County,2003,87121.0,4232.0,20.58624763705104,723.0,120.49930843706777,3509.0,24.827871188372757
696,Wicomico County,2004,88155.0,4606.0,19.1391663048198,792.0,111.30681818181819,3814.0,23.11352910330362
697,Wicomico County,2005,89458.0,5054.0,17.70043529877325,923.0,96.92091007583966,4131.0,21.655289276204307
698,Wicomico County,2006,90650.0,5345.0,16.95977549111319,931.0,97.36842105263158,4414.0,20.53692795650204
699,Wicomico County,2007,92169.0,4817.0,19.13410836620303,810.0,113.78888888888889,4007.0,23.0019965061143
700,Wicomico County,2008,94080.0,5001.0,18.812237552489503,1010.0,93.14851485148515,3991.0,23.573039338511652
701,Wicomico County,2009,95595.0,5196.0,18.39780600461894,926.0,103.23434125269978,4270.0,22.38758782201405
702,Wicomico County,2010,95757.0,4597.0,20.830324124428977,730.0,131.17397260273972,3867.0,24.762606671838636
703,Wicomico County,2011,99669.0,3968.0,25.118195564516128,583.0,170.95883361921096,3385.0,29.444313146233384
704,Wicomico County,2012,100148.0,3916.0,25.57405515832482,554.0,180.77256317689532,3362.0,29.788221296847116
705,Wicomico County,2013,101431.0,3872.0,26.196022727272727,504.0,201.25198412698413,3368.0,30.116092636579573
706,Wicomico County,2014,101594.0,3884.0,26.157054582904223,453.0,224.26931567328919,3431.0,29.610609151850774
707,Wicomico County,2015,101897.0,3795.0,26.850329380764162,476.0,214.06932773109244,3319.0,30.701114793612533
708,Wicomico County,2016,102475.0,3503.0,29.253497002569226,499.0,205.36072144288576,3004.0,34.11284953395473
709,Wicomico County,2017,103135.0,3525.0,29.258156028368795,508.0,203.02165354330708,3017.0,34.18462048392443
710,Wicomico County,2018,102673.0,3174.0,32.348141146817895,453.0,226.65121412803532,2721.0,37.733553840499816
711,Wicomico County,2019,103219.0,2832.0,36.447387005649716,426.0,242.2981220657277,2406.0,42.900665004156274
712,Wicomico County,2020,103796.0,2202.0,47.13714804722979,496.0,209.26612903225808,1706.0,60.841735052754984
713,Worcester County,1990,35028.0,3270.0,10.711926605504587,283.0,123.773851590106,2987.0,11.726816203548712
714,Worcester County,1991,35600.0,3099.0,11.48757663762504,307.0,115.96091205211727,2792.0,12.750716332378223
715,Worcester County,1992,35949.0,2781.0,12.926645091693635,320.0,112.340625,2461.0,14.607476635514018
716,Worcester County,1993,37667.0,2724.0,13.827826725403819,262.0,143.76717557251908,2462.0,15.299350121852152
717,Worcester County,1994,37973.0,2848.0,13.333216292134832,239.0,158.8828451882845,2609.0,14.554618627826754
718,Worcester County,1995,39293.0,2825.0,13.909026548672566,270.0,145.52962962962962,2555.0,15.378864970645793
719,Worcester County,1996,39525.0,2822.0,14.006024096385541,268.0,147.48134328358208,2554.0,15.47572435395458
720,Worcester County,1997,39694.0,2767.0,14.34550054210336,343.0,115.72594752186589,2424.0,16.375412541254125
721,Worcester County,1998,42454.0,2855.0,14.870052539404554,341.0,124.49853372434018,2514.0,16.88703261734288
722,Worcester County,1999,43096.0,2660.0,16.201503759398495,276.0,156.14492753623188,2384.0,18.07718120805369
723,Worcester County,2000,46543.0,2718.0,17.123988226637234,351.0,132.6011396011396,2367.0,19.663286861005492
724,Worcester County,2001,47234.0,2542.0,18.581431943351692,358.0,131.9385474860335,2184.0,21.627289377289376
725,Worcester County,2002,47963.0,2699.0,17.77065579844387,477.0,100.55136268343816,2222.0,21.585508550855085
726,Worcester County,2003,49082.0,2683.0,18.29370108087961,432.0,113.61574074074075,2251.0,21.804531319413595
727,Worcester County,2004,50047.0,2539.0,19.711303662859393,401.0,124.80548628428927,2138.0,23.408325537885876
728,Worcester County,2005,49347.0,2532.0,19.489336492890995,423.0,116.65957446808511,2109.0,23.398293029871976
729,Worcester County,2006,48884.0,2672.0,18.29491017964072,348.0,140.4712643678161,2324.0,21.034423407917384
730,Worcester County,2007,48779.0,2567.0,19.002337358784573,290.0,168.20344827586206,2277.0,21.422485726833553
731,Worcester County,2008,49355.0,2642.0,18.68092354277063,234.0,210.9188034188034,2408.0,20.49626245847176
732,Worcester County,2009,49804.0,2570.0,19.378988326848248,271.0,183.77859778597787,2299.0,21.663331883427578
733,Worcester County,2010,49645.0,2617.0,18.97019487963317,261.0,190.21072796934865,2356.0,21.071731748726656
734,Worcester County,2011,51942.0,2564.0,20.258190327613104,248.0,209.44354838709677,2316.0,22.427461139896373
735,Worcester County,2012,52011.0,2402.0,21.653205661948377,186.0,279.6290322580645,2216.0,23.470667870036102
736,Worcester County,2013,51718.0,2333.0,22.16802400342906,217.0,238.33179723502303,2116.0,24.4413988657845
737,Worcester County,2014,51756.0,2427.0,21.325092707045737,190.0,272.4,2237.0,23.136343316942334
738,Worcester County,2015,51566.0,2008.0,25.68027888446215,145.0,355.6275862068965,1863.0,27.679012345679013
739,Worcester County,2016,51255.0,1987.0,25.795168595873175,152.0,337.20394736842104,1835.0,27.931880108991827
740,Worcester County,2017,51408.0,1950.0,26.363076923076925,177.0,290.4406779661017,1773.0,28.99492385786802
741,Worcester County,2018,51304.0,1551.0,33.07801418439716,124.0,413.741935483871,1427.0,35.95234758234057
742,Worcester County,2019,51606.0,1432.0,36.037709497206706,130.0,396.96923076923076,1302.0,39.63594470046083
743,Worcester County,2020,52191.0,1536.0,33.978515625,234.0,223.03846153846155,1302.0,40.085253456221196
